date,cases_deaths_link,cases_deaths_link_smoothed,new_cases,new_deaths,new_cases_smoothed,new_deaths_smoothed
2020-03-17,NaN,8.493006993006993,54,0,27,0.286
2020-03-18,Infinity,17.97902097902098,69,0,35.571,0.143
2020-03-19,2,9.989510489510492,265,1,73.429,0.286
2020-03-20,Infinity,15.982517482517483,126,0,84.714,0.286
2020-03-21,Infinity,36.96503496503497,102,0,93.714,0.143
2020-03-22,0,18.482517482517483,121,1,111,0.286
2020-03-23,23.5,18.01401050788091,219,2,136.571,0.571
2020-03-24,39,22.208683473389357,204,1,158,0.714
2020-03-25,0,15.714,235,2,181.714,1
2020-03-26,4,9.248906386701663,255,10,180.286,2.286
2020-03-27,18,9.948415622697127,302,3,205.429,2.714
2020-03-28,4.928571428571429,7.545820958845989,294,14,232.857,4.714
2020-03-29,26.5,12.238166666666666,200,10,244.143,6
2020-03-30,15.75,12.35438238296631,295,8,255,6.857
2020-03-31,6,10.249808596740674,325,17,272.286,9.143
2020-04-01,8.642857142857142,10.223818734457033,212,14,269,10.857
2020-04-02,16.846153846153847,12.100921495658339,402,13,290,11.286
2020-04-03,9.272727272727273,11.285714285714286,424,22,307.429,14
2020-04-04,13.823529411764707,12.593665534687089,331,17,312.714,14.429
2020-04-05,12.142857142857142,11.267875,390,21,339.857,16
2020-04-06,18.875,11.983258472846058,370,16,350.571,17.143
2020-04-07,8.166666666666666,11.726695875509897,345,36,353.429,19.857
2020-04-08,8,11.393112137757246,365,25,375.286,21.429
2020-04-09,10.535714285714286,10.818378515973016,500,28,389.286,23.571
2020-04-10,13.541666666666666,11.41325397158067,1515,24,545.143,23.857
2020-04-11,6.424242424242424,10.28956125922809,839,33,617.714,26.143
2020-04-12,28.714285714285715,11.534025374855824,727,14,665.857,25.143
2020-04-13,13.67741935483871,11.266913435461408,992,31,754.714,27.286
2020-04-14,8.073170731707316,11.168357142857143,832,41,824.286,28
2020-04-15,10.263157894736842,11.382824798204778,1068,38,924.714,29.857
2020-04-16,8.80952380952381,11.004520199642151,724,42,956.714,31.857
2020-04-17,7.840909090909091,10.181166100132511,709,44,841.571,34.714
2020-04-18,8.902439024390244,10.466185124243523,778,41,832.857,35.857
2020-04-19,12.820512820512821,9.873088335996348,493,39,799.429,39.429
2020-04-20,19.675324675324674,11.850934782608697,401,77,715,46
2020-04-21,19.511627906976745,13.345590459318153,388,43,651.571,46.286
2020-04-22,18.641025641025642,14.341403002433822,631,39,589.143,46.429
2020-04-23,39.68,17.15259090909091,936,25,619.429,44
2020-04-24,3.7818181818181817,11.921467104406808,577,220,600.571,69.143
2020-04-25,21.79591836734694,13.156446518510087,377,49,543.286,70.286
2020-04-26,30.166666666666668,14.039798658703022,701,24,573,68.143
2020-04-27,47.266666666666666,14.19510508383092,386,15,570.857,59.286
2020-04-28,13.649122807017545,13.589677903599517,229,57,548.143,61.286
2020-04-29,15.903225806451612,13.292137073308615,376,31,511.714,60.143
2020-04-30,9.547619047619047,11.427018906522191,359,42,429.286,62.571
2020-05-01,11.757575757575758,18.171375184761693,221,33,378.429,35.857
2020-05-02,30.047619047619047,18.493360956775593,343,21,373.571,31.857
2020-05-03,55.05882352941177,20.07418089898564,330,17,320.571,30.857
2020-05-04,36.0625,19.37325806451613,266,16,303.429,31
2020-05-05,18.85,21.128023644707163,211,20,300.857,25.714
2020-05-06,19.47222222222222,21.680729501683757,265,36,285,26.429
2020-05-07,13.785714285714286,23.368005239674158,137,28,253.286,24.429
2020-05-08,8.807692307692308,23.39591958683683,156,26,244,23.429
2020-05-09,22.11764705882353,22.387627422671393,219,17,226.286,22.857
2020-05-10,29.916666666666668,19.386984600099353,236,12,212.857,22.143
2020-05-11,24.555555555555557,17.8985479827839,139,9,194.714,21.143
2020-05-12,16.333333333333332,17.550079864699804,107,21,179.857,21.286
2020-05-13,36.666666666666664,18.392965746743936,159,9,164.714,17.429
2020-05-14,29.555555555555557,20.621788772597522,426,9,206,14.714
2020-05-15,17.583333333333332,23.663441875098318,129,12,202.143,12.714
2020-05-16,17.666666666666668,22.93024378469708,92,15,184,12.429
2020-05-17,13.7,20.85860166350984,64,10,159.429,12.143
2020-05-18,39,21.34919940502231,88,4,152.143,11.429
2020-05-19,15.642857142857142,21.697765845239235,51,14,144.143,10.429
2020-05-20,23.6,20.13593794343014,64,10,130.571,10.571
2020-05-21,11.583333333333334,17.701272727272727,76,12,80.571,11
2020-05-22,11.88888888888889,17.01418976444991,115,9,78.571,10.571
2020-05-23,13.25,16.239179729862958,76,12,76.286,10.143
2020-05-24,106.5,22.18393280206763,57,4,75.286,9.286
2020-05-25,Infinity,Infinity,59,null,71.143,null
2020-05-26,10.222222222222221,23,37,9,69.143,8
2020-05-27,4,18.00033871514057,68,16,69.714,8.857
2020-05-28,11,18.361453053342988,38,8,64.286,8.286
2020-05-29,8.5,18.345806287387042,35,6,52.857,7.857
2020-05-30,10.666666666666666,18.653,53,6,49.571,7
2020-05-31,76,12.261604017653326,61,1,50.143,6.571
2020-06-01,Infinity,Infinity,72,null,52,null
2020-06-02,9.5,11.86592004977446,4,8,47.286,6.429
2020-06-03,57,17.565562295846945,45,1,44,4.286
2020-06-04,11.8,18.44516463572725,31,5,43,3.857
2020-06-05,6.166666666666667,17.926626912107857,21,6,41,3.857
2020-06-06,8.5,16.82693700217234,20,8,36.286,4.143
2020-06-07,38,15.516775283610912,18,1,30.143,4.143
2020-06-08,8.75,11.212770470937631,6,4,20.714,4.714
2020-06-09,6.625,10.515697921086126,8,8,21.286,4.714
2020-06-10,15.25,9.7497569511958,16,4,17.143,5.143
2020-06-11,9,9.334051337282355,7,8,13.714,5.571
2020-06-12,2,9.4572,12,2,12.429,5
2020-06-13,Infinity,11.407829919626652,45,0,16,3.857
2020-06-14,31,11.148561057816956,8,1,14.571,3.857
2020-06-15,Infinity,12.477175897748022,18,0,16.286,3.286
2020-06-16,6.666666666666667,14.113574484636327,13,3,17,2.571
2020-06-17,18,14.06579561362576,7,1,15.714,2.143
2020-06-18,1.5,13.18523233609166,14,4,16.714,1.571
2020-06-19,Infinity,16.552099533437016,13,0,16.857,1.286
2020-06-20,16,11.996501049685094,6,1,11.286,1.429
2020-06-21,Infinity,10.66407465007776,5,0,10.857,1.286
2020-06-22,6,7.911521323997454,4,2,8.857,1.571
2020-06-23,15,10.184595798854234,8,3,8.143,1.571
2020-06-24,1.3333333333333333,6.374015748031496,5,6,7.857,2.286
2020-06-25,18,8.770059235325794,9,1,7.143,1.857
2020-06-26,4.333333333333333,7.436570428696413,9,3,6.571,2.286
2020-06-27,1.75,5.789977892409728,23,4,9,2.714
2020-06-28,14,5.85019250962548,2,1,8.571,2.857
2020-06-29,Infinity,6.556592765460909,23,0,11.286,2.571
2020-06-30,6,4.937007874015748,11,1,11.714,2.286
2020-07-01,2.5,6.334305717619603,4,2,11.571,1.714
2020-07-02,Infinity,5.637810311903246,12,0,12,1.571
2020-07-03,4,5.698390482855144,9,2,12,1.429
2020-07-04,5,7.857,11,1,10.286,1
2020-07-05,Infinity,8.334889148191365,18,0,12.571,0.857
2020-07-06,Infinity,7.667444574095683,4,0,9.857,0.857
2020-07-07,23,10.501750291715286,7,1,9.286,0.857
2020-07-08,Infinity,Infinity,4,null,9.286,null
2020-07-09,4.6,8.776049766718506,23,5,10.857,1.286
2020-07-10,11,10.248468941382328,24,1,13,1.143
2020-07-11,2,8.997667185069984,22,2,14.571,1.286
2020-07-12,Infinity,9.331259720062208,17,0,14.429,1.286
2020-07-13,Infinity,9.331259720062208,10,0,15.286,1.286
2020-07-14,Infinity,8.99912510936133,32,0,18.857,1.143
2020-07-15,9,8.79706088173548,13,2,20.143,1.429
2020-07-16,4,11.501750291715286,15,1,19,0.857
2020-07-17,2.3333333333333335,8.124234470691164,32,3,20.143,1.143
2020-07-18,4,9.286,20,1,19.857,1
2020-07-19,Infinity,10.857,10,0,18.857,1
2020-07-20,Infinity,13,6,0,18.286,1
2020-07-21,Infinity,14.571,36,0,18.857,1
2020-07-22,17,16.83663943990665,17,1,19.429,0.857
2020-07-23,1.1111111111111112,7.643,7,9,18.286,2
2020-07-24,Infinity,12.003182686187142,19,0,16.429,1.571
2020-07-25,13,12.821769573520053,24,1,17,1.571
2020-07-26,Infinity,12.094207511139402,12,0,17.286,1.571
2020-07-27,Infinity,12.821769573520053,11,0,18,1.571
2020-07-28,Infinity,12.639719923615532,37,0,18.143,1.571
2020-07-29,Infinity,13.195941217634708,13,0,17.571,1.429
2020-07-30,Infinity,Infinity,85,null,28.714,null
2020-07-31,Infinity,131.86713286713288,38,0,31.429,0.143
2020-08-01,Infinity,Infinity,44,0,34.286,0
2020-08-02,Infinity,Infinity,53,0,40.143,0
2020-08-03,Infinity,Infinity,46,0,45.143,0
2020-08-04,Infinity,Infinity,45,0,46.286,0
2020-08-05,Infinity,Infinity,50,0,51.571,0
2020-08-06,2.2,25.210084033613448,69,5,49.286,0.714
2020-08-07,9.25,14.108087091757387,98,4,57.857,1.286
2020-08-08,Infinity,13.663297045101089,174,0,76.429,1.286
2020-08-09,Infinity,22.32814930015552,68,0,78.571,1.286
2020-08-10,Infinity,24.439346811819593,56,0,80,1.286
2020-08-11,44,23.993002099370187,33,1,78.286,1.429
2020-08-12,53,25.552514322087845,37,1,76.429,1.571
2020-08-13,Infinity,52.67561260210035,91,0,79.571,0.857
2020-08-14,Infinity,161.83916083916085,66,0,75,0.286
2020-08-15,Infinity,180.3181818181818,196,0,78.143,0.286
2020-08-16,Infinity,172.32867132867133,66,0,77.857,0.286
2020-08-17,Infinity,202.2972027972028,56,0,77.857,0.286
2020-08-18,174,267.23426573426576,186,1,99.714,0.286
2020-08-19,Infinity,549.4475524475524,48,0,101.286,0.143
2020-08-20,56,279.72027972027973,129,1,106.714,0.286
2020-08-21,Infinity,273.72727272727275,79,0,108.571,0.286
2020-08-22,37,178.15617715617716,153,1,102.429,0.429
2020-08-23,Infinity,185.4801864801865,61,0,101.714,0.429
2020-08-24,Infinity,174.82517482517483,147,0,114.714,0.429
2020-08-25,Infinity,273.22727272727275,85,0,100.286,0.286
2020-08-26,Infinity,272.22727272727275,162,0,116.571,0.286
2020-08-27,Infinity,544.4545454545455,90,0,111,0.143
2020-08-28,Infinity,697.3006993006993,125,0,117.571,0.143
2020-08-29,Infinity,Infinity,142,0,116,0
2020-08-30,Infinity,Infinity,40,0,113,0
2020-08-31,Infinity,Infinity,51,0,99.286,0
2020-09-01,Infinity,Infinity,214,0,117.714,0
2020-09-02,Infinity,Infinity,89,0,107.286,0
2020-09-03,Infinity,Infinity,92,0,107.571,0
2020-09-04,Infinity,Infinity,97,0,103.571,0
2020-09-05,Infinity,Infinity,231,0,116.286,0
2020-09-06,Infinity,Infinity,138,0,130.286,0
2020-09-07,Infinity,Infinity,102,0,137.571,0
2020-09-08,142,811.1888111888112,306,1,150.714,0.143
2020-09-09,13.333333333333334,197.8984238178634,84,3,150,0.571
2020-09-10,Infinity,173.88091068301227,196,0,164.857,0.571
2020-09-11,Infinity,206.15411558669004,211,0,181.143,0.571
2020-09-12,44.5,125.18786464410735,159,2,170.857,0.857
2020-09-13,92,107.571,255,1,187.571,1
2020-09-14,Infinity,103.571,207,0,202.571,1
2020-09-15,77,90.42457231726283,357,3,209.857,1.286
2020-09-16,138,130.286,250,1,233.571,1
2020-09-17,102,120.35958005249344,224,1,237.571,1.143
2020-09-18,102,95.9350732017823,248,3,242.857,1.571
2020-09-19,Infinity,116.6407465007776,267,0,258.286,1.286
2020-09-20,Infinity,144.2318460192476,395,0,278.286,1.143
2020-09-21,Infinity,158.48031496062993,188,0,275.571,1.143
2020-09-22,Infinity,239.29551820728292,323,0,270.714,0.714
2020-09-23,127.5,218.86931155192534,231,2,268,0.857
2020-09-24,69,177.22747156605425,319,3,281.571,1.143
2020-09-25,Infinity,293.9173669467787,321,0,292,0.714
2020-09-26,50,163.45066480055982,245,5,288.857,1.429
2020-09-27,Infinity,166.24982505248425,430,0,293.857,1.429
2020-09-28,Infinity,169.94891532540237,387,0,322.286,1.429
2020-09-29,267,164.40865690642903,363,1,328,1.571
2020-09-30,395,194.74177746675997,415,1,354.286,1.429
2020-10-01,94,214.28538102643859,442,2,371.857,1.286
2020-10-02,Infinity,Infinity,466,null,392.571,null
2020-10-03,25.666666666666668,144.31879375336564,605,9,444,1.857
2020-10-04,Infinity,151.62681744749597,364,0,434.571,1.857
2020-10-05,Infinity,157.2428648357566,517,0,453.143,1.857
2020-10-06,245,155.55035002692517,424,1,461.857,1.857
2020-10-07,86,120.97859201317416,611,5,489.857,2.429
2020-10-08,387,140.9825021872266,502,1,498.429,2.286
2020-10-09,90.75,114.80574028701434,617,4,520,2.857
2020-10-10,138.33333333333334,177.143,1011,3,578,2
2020-10-11,221,162.66710411198602,814,2,642.286,2.286
2020-10-12,466,161.61836146562374,823,1,686,2.429
2020-10-13,201.66666666666666,163.59616801768607,808,3,740.857,2.714
2020-10-14,72.8,160.12196020633752,1084,5,808.429,2.714
2020-10-15,172.33333333333334,151.04766666666666,1186,3,906.143,3
2020-10-16,141.33333333333334,161.65803290164507,998,3,960.571,2.857
2020-10-17,76.375,137.17642117054046,1251,8,994.857,3.571
2020-10-18,167.33333333333334,134.202746365105,1284,3,1062,3.714
2020-10-19,Infinity,145.6174740968916,1031,0,1091.714,3.571
2020-10-20,77.76923076923077,115.6,1263,13,1156.714,5
2020-10-21,271.3333333333333,136.25074246924055,1166,3,1168.429,4.714
2020-10-22,274.3333333333333,145.52397114976665,1054,3,1149.571,4.714
2020-10-23,115.42857142857143,140.15455921301552,785,7,1119.143,5.286
2020-10-24,271,171.4953330504879,847,4,1061.429,4.714
2020-10-25,Infinity,211.41927204853013,1020,0,1023.714,4.286
2020-10-26,332.6666666666667,203.76983453542638,939,3,1010.571,4.714
2020-10-27,250.2,278.59339120694483,700,5,930.143,3.571
2020-10-28,214,265.5,667,6,858.857,4
2020-10-29,171.83333333333334,246.49221043124857,863,6,831.571,4.429
2020-10-30,210.5,269.8819412039197,762,6,828.286,4.286
2020-10-31,233.2,263.8132761345676,397,5,764,4.429
2020-11-01,527,243.86317352566817,546,2,696.286,4.714
2020-11-02,392.5,244.83548457667908,748,2,669,4.571
2020-11-03,169.4,232.20936337781671,298,5,611.571,4.571
2020-11-04,127.5,210.77084620135886,435,8,578.429,4.857
2020-11-05,313,228.17137051253104,563,3,535.571,4.429
2020-11-06,100,203.4878582367097,492,7,497,4.571
2020-11-07,133.4,187.89258367972,317,5,485.571,4.571
2020-11-08,431.5,181.92321155108294,539,2,484.571,4.571
2020-11-09,762,187.01422442989386,265,1,415.571,4.429
2020-11-10,26.466666666666665,130.44220590746116,230,15,405.857,5.857
2020-11-11,273,139.25719999999998,358,2,394.857,5
2020-11-12,Infinity,146.35747101290747,385,0,369.429,4.571
2020-11-13,42.57142857142857,133.79369940931963,467,7,365.857,4.571
2020-11-14,72.5,122.70449724225709,427,6,381.571,4.714
2020-11-15,563,117.16714066943777,377,1,358.429,4.571
2020-11-16,98.4,96.63620454987363,453,5,385.286,5.143
2020-11-17,28.818181818181817,106.2286151826734,330,11,399.571,4.571
2020-11-18,49,82.73365204029366,372,11,401.571,5.857
2020-11-19,66.25,64.64006843988179,415,4,405.857,6.429
2020-11-20,28.75,61.76487597017197,329,8,386.143,6.571
2020-11-21,89.5,62.815303849825014,341,4,373.857,6.286
2020-11-22,385,58.770124085268854,318,1,365.429,6.286
2020-11-23,Infinity,65.67169269430983,250,0,336.429,5.571
2020-11-24,85.4,80.94420873992362,219,5,320.571,4.714
2020-11-25,75.4,92.92947886958775,257,5,304.143,3.857
2020-11-26,151,103.73882606354336,307,3,288.714,3.714
2020-11-27,47.142857142857146,111.89330719686363,205,7,271,3.571
2020-11-28,53.142857142857146,100.39275,243,7,257,4
2020-11-29,207.5,97.96210475500845,299,2,254.286,4.143
2020-11-30,329,90.09402706486235,303,1,261.857,4.286
2020-12-01,21.3125,63.83080075123784,254,16,266.857,5.857
2020-12-02,63.6,62.391838825337196,268,5,268.429,5.857
2020-12-03,41.666666666666664,53.520362710785875,162,6,247.714,6.286
2020-12-04,36.5,52.18476314504314,263,6,256,6.143
2020-12-05,19.76923076923077,43.449,457,13,286.571,7
2020-12-06,Infinity,43.0017873100983,298,0,286.429,6.714
2020-12-07,Infinity,41.241820118703394,222,0,274.857,6.571
2020-12-08,Infinity,Infinity,214,null,269.143,null
2020-12-09,59.8,59.32944470368643,218,5,262,4.286
2020-12-10,20.2,47.00359001974512,303,15,282.143,5.571
2020-12-11,84.66666666666667,51.88741979389462,304,3,288,5.143
2020-12-12,89.33333333333333,72.27490576198169,249,3,258.286,3.714
2020-12-13,162,64.2245268343272,429,1,277,3.857
2020-12-14,131.5,61.79097272507845,264,2,283,4.143
2020-12-15,57.125,54.213204691638296,327,8,299.143,5.286
2020-12-16,49.666666666666664,52.75907165223797,421,6,328.143,5.429
2020-12-17,74,74.00565428109856,481,3,353.571,3.714
2020-12-18,35.666666666666664,64.96331160994448,576,6,392.429,4.143
2020-12-19,43.6,59.15556559042673,522,5,431.429,4.429
2020-12-20,75.75,58.089973234506886,766,4,479.571,4.857
2020-12-21,Infinity,63.005906803762855,725,0,545.429,4.571
2020-12-22,19.153846153846153,48.862277714718125,961,13,636,5.286
2020-12-23,33,44.06617881005409,927,13,708.286,6.286
2020-12-24,33,40.42857142857143,918,8,770.714,7
2020-12-25,163.5,46.53025353865297,1025,2,834.857,6.429
2020-12-26,70.16666666666667,49.9380611779029,1296,6,945.429,6.571
2020-12-27,120.25,53.80779181250952,735,4,941,6.571
2020-12-28,576,58.44935954721477,765,1,946.714,6.714
2020-12-29,65.25,71.90483333333333,1545,8,1030.143,6
2020-12-30,58.92307692307692,79.9285,1718,13,1143.143,6
2020-12-31,65.9090909090909,84.83885518743195,1622,11,1243.714,6.429
2021-01-01,87.36363636363636,82.44749805548354,1753,11,1347.714,7.714
2021-01-02,231.75,95.34069188316057,3394,4,1647.429,7.429
2021-01-03,131.14285714285714,98.09265623011328,4961,7,2251.143,7.857
2021-01-04,170.83333333333334,97.40485357601213,6110,6,3014.714,8.571
2021-01-05,76.23529411764706,95.91447702140611,5325,17,3554.714,9.857
2021-01-06,43.23529411764706,90.22916866430147,7832,17,4428.143,10.429
2021-01-07,95.625,94.6714,6503,8,5125.429,10
2021-01-08,77.25,91.27618288144605,8227,20,6050.286,11.286
2021-01-09,190.88888888888889,95.26191666666666,4843,9,6257.286,12
2021-01-10,202.75,102.42230091410688,6886,8,6532.286,12.143
2021-01-11,219.125,108.43301955104995,4926,8,6363.143,12.429
2021-01-12,75.42222222222222,100.27567106945038,3052,45,6038.429,16.429
2021-01-13,78.74603174603175,97.87578260869566,3553,63,5427.143,23
2021-01-14,218.21428571428572,116.591793324825,3913,28,5057.143,25.857
2021-01-15,110.9375,119.05797635395385,3491,48,4380.571,29.857
2021-01-16,132.74576271186442,119.67954054054054,3232,59,4150.429,37
2021-01-17,500.2307692307692,135.9025560799703,2946,13,3587.571,37.714
2021-01-18,1028.375,160.42546534443443,2117,8,3186.286,37.714
2021-01-19,52.641304347826086,140.83787616196628,1996,92,3035.429,44.429
2021-01-20,114.76666666666667,148.46104545454546,2485,60,2882.857,44
2021-01-21,98.52,134.97535158984365,2598,50,2695,47.143
2021-01-22,58.69230769230769,126.5546590099342,2357,52,2533,47.714
2021-01-23,46.142857142857146,107.9255259913296,1905,77,2343.429,50.286
2021-01-24,170.1304347826087,97.7905982905983,1370,23,2118.286,51.714
2021-01-25,498.7142857142857,84.94252583816485,1369,7,2011.429,51.571
2021-01-26,36.31460674157304,81.15341297929335,928,89,1858.857,51.143
2021-01-27,54.55555555555556,71.34333611740843,1331,54,1694,50.286
2021-01-28,45.04255319148936,63.90849830515274,1463,47,1531.857,49.857
2021-01-29,42.46808510638298,61.767271025374924,1247,47,1373.286,49.143
2021-01-30,31.858974358974358,58.4924116381934,1411,78,1302.714,49.286
2021-01-31,173.2,55.9790623766695,1244,15,1284.714,48.143
2021-02-01,235.7,52.150460151118985,1006,10,1232.857,48.571
2021-02-02,18.861386138613863,46.60201646581554,871,101,1224.714,50.286
2021-02-03,14.574468085106384,37.82653571428572,1006,94,1178.286,56
2021-02-04,18.5,33.60390597590925,1314,74,1157,59.857
2021-02-05,26.514285714285716,31.970434962076258,1019,35,1124.429,58.143
2021-02-06,25.11320754716981,31.042128603104214,785,53,1035,54.571
2021-02-07,121.91666666666667,28.292798699739578,1020,12,1003,54.143
2021-02-08,1247,25.981156705828937,829,1,977.714,52.857
2021-02-09,21.70769230769231,27.302552709896467,543,65,930.857,47.714
2021-02-10,29.61904761904762,31.889837660725807,999,42,929.857,40.286
2021-02-11,19.346153846153847,33.192176183937754,862,52,865.286,37.143
2021-02-12,45.8421052631579,35.135381702384024,919,19,851,34.857
2021-02-13,15.242424242424242,32.093642752083674,1076,66,892.571,36.714
2021-02-14,77.29411764705883,30.911859787865023,786,17,859.143,37.429
2021-02-15,Infinity,30.15686852974307,820,0,857.857,37.286
2021-02-16,24.53125,31.77673390439348,711,32,881.857,32.571
2021-02-17,18.214285714285715,29.01275635648376,638,56,830.286,34.571
2021-02-18,18.02173913043478,29.00023729014653,896,46,835.143,33.714
2021-02-19,20.11111111111111,26.705023381243365,753,27,811.429,34.857
2021-02-20,38.42307692307692,31.90670143773805,978,26,797.429,29.143
2021-02-21,862,32.21826711844212,679,1,782.143,26.857
2021-02-22,919,31.51851851851852,686,1,763,27
2021-02-23,24.454545454545453,31.08487149125862,557,44,741,28.714
2021-02-24,14.035714285714286,29.92070070348959,540,56,727,28.714
2021-02-25,24.11764705882353,31.77248148148148,638,34,690.143,27
2021-02-26,24.517241379310345,32.31902807300447,773,29,693,27.286
2021-02-27,49.07692307692308,32.65114632899446,729,13,657.429,25.429
2021-02-28,149.33333333333334,31.94518609187928,612,6,647.857,26.143
2021-03-01,Infinity,31.20880769230769,681,0,647.143,26
2021-03-02,69.85714285714286,36.724187160357374,357,14,618.571,21.714
2021-03-03,28.291666666666668,45.624628128098934,559,24,621.286,17.143
2021-03-04,17.58974358974359,42.728341826734614,460,39,595.857,17.857
2021-03-05,61.888888888888886,49.4,520,9,559.714,15
2021-03-06,38.57142857142857,48.008981047348605,530,14,531.286,15.143
2021-03-07,212.66666666666666,46.90383308413756,520,3,518.143,14.714
2021-03-08,Infinity,47.09800190294957,432,0,482.571,14.714
2021-03-09,24.3,38.672294117647056,306,30,475.286,17
2021-03-10,13.02127659574468,31.936162870945477,631,47,485.571,20.286
2021-03-11,68.1,40.08814966239237,591,10,504.286,16.143
2021-03-12,39.666666666666664,38.31821842284582,641,9,521.571,16.143
2021-03-13,34.9375,37.81642218029095,538,16,522.714,16.429
2021-03-14,Infinity,37.2410625,383,0,503.143,16
2021-03-15,Infinity,34.982125,575,0,523.571,16
2021-03-16,29.444444444444443,37.189276214475704,347,18,529.429,14.286
2021-03-17,37.142857142857146,54.136767317939615,552,14,518.143,9.571
2021-03-18,Infinity,59.26206557779688,581,0,516.714,8.143
2021-03-19,30.6,57.36012551291335,510,10,498,8.286
2021-03-20,70.11111111111111,66.64438649464728,525,9,496.143,7.286
2021-03-21,295.5,66.60758156122044,768,2,551.143,7.571
2021-03-22,641,67.61355976147264,520,1,543.286,7.714
2021-03-23,24.454545454545453,63.083997103548164,365,22,545.857,8.286
2021-03-24,21.27777777777778,56.80738399006436,680,18,564.143,8.857
2021-03-25,191.66666666666666,56.38283437432695,594,3,566,9.286
2021-03-26,17.35,49.41469105842822,569,20,574.429,10.714
2021-03-27,276,53.339818818200534,610,2,586.571,9.714
2021-03-28,44.69230769230769,45.78362573099416,604,13,563.143,11.286
2021-03-29,510,44.12546517809676,537,1,565.571,11.286
2021-03-30,37.5,48.9148181011535,366,14,565.714,10.143
2021-03-31,128,65.38652271918377,410,6,527.143,8.429
2021-04-01,28.88888888888889,51.39400245955917,746,18,548.857,10.571
2021-04-02,45.625,61.630010161454216,587,8,551.429,8.857
2021-04-03,340,63.69459184825563,508,2,536.857,8.857
2021-04-04,198,76.18791223583254,453,3,515.286,7.429
2021-04-05,Infinity,78.84010430963492,318,0,484,7.286
2021-04-06,67.77777777777777,89.26662608430985,441,9,494.714,6.571
2021-04-07,120.8,87.59418261004822,418,5,495.857,6.429
2021-04-08,107.4,123.7302559614964,398,5,446.143,4.571
2021-04-09,11.4375,70.71425,469,32,429.286,8
2021-04-10,29.285714285714285,54.26631665637225,451,14,421.143,9.714
2021-04-11,373,57.345836380733466,302,2,399.571,9.571
2021-04-12,Infinity,57.6145648312611,385,0,409.143,9.571
2021-04-13,28.22222222222222,49.44800589481441,354,18,396.714,10.857
2021-04-14,50.333333333333336,45.085834281214446,421,9,397.143,11.429
2021-04-15,39.75,40.81976891287847,297,8,382.714,11.857
2021-04-16,40.09090909090909,55.85570735011856,417,11,375.286,8.857
2021-04-17,104.5,66.74613003095975,419,4,370.714,7.429
2021-04-18,398,61.23291243480648,270,1,366.143,7.286
2021-04-19,Infinity,58.91929728245952,403,0,368.714,7.286
2021-04-20,41,66.99697741011772,386,11,373.286,6.286
2021-04-21,33.55555555555556,63.56522430798601,398,9,370,6.286
2021-04-22,38.5,62.264952062091005,615,10,415.429,6.571
2021-04-23,354,77.13669064748201,433,1,417.714,5.143
2021-04-24,84.2,75.13110102156641,461,5,423.714,5.286
2021-04-25,297,72.40143776012108,429,1,446.429,5.286
2021-04-26,417,69.12617424940136,436,1,451.143,5.429
2021-04-27,41.9,70.1312902005297,420,10,456,5.286
2021-04-28,22.5,64.07822891144556,368,12,451.714,5.714
2021-04-29,134.33333333333334,78.21680101824353,469,3,430.857,4.714
2021-04-30,96.5,72.58137273964613,544,4,446.714,5.143
2021-05-01,132.66666666666666,76.17871113856289,567,3,461.857,4.857
2021-05-02,Infinity,88.12664403903266,401,0,457.857,4.714
2021-05-03,Infinity,91.38350470356596,452,0,460.143,4.571
2021-05-04,230.5,123.56780402449694,382,2,454.714,3.429
2021-05-05,61.285714285714285,164.49115696389092,415,7,461.429,2.714
2021-05-06,72.66666666666667,143.53897550111358,387,6,449.714,3.143
2021-05-07,Infinity,Infinity,430,null,433.429,null
2021-05-08,368,197.60017497812774,399,1,409.429,2.286
2021-05-09,234.5,167.58343057176197,506,2,424.429,2.571
2021-05-10,Infinity,173.75106962271488,380,0,414.143,2.571
2021-05-11,70.875,134.69145523476234,378,8,413.571,3.429
2021-05-12,50.125,128.21534584150098,446,8,418,3.571
2021-05-13,Infinity,169.5442151805453,437,0,425.143,2.714
2021-05-14,95.5,138.3791844187462,420,4,423.714,3.286
2021-05-15,Infinity,146.81164492523067,461,0,432.571,3.143
2021-05-16,Infinity,157.40777038851942,375,0,413.857,2.857
2021-05-17,Infinity,151.70773538676931,379,0,413.714,2.857
2021-05-18,Infinity,238.87339556592764,365,0,411.857,1.714
2021-05-19,Infinity,743.30823117338,526,0,423.286,0.571
2021-05-20,Infinity,725.2942206654991,470,0,428,0.571
2021-05-21,Infinity,Infinity,533,0,444.143,0
2021-05-22,Infinity,Infinity,384,0,433.143,0
2021-05-23,Infinity,Infinity,447,0,443.429,0
2021-05-24,Infinity,Infinity,349,0,439.143,0
2021-05-25,Infinity,Infinity,353,0,437.429,0
2021-05-26,Infinity,Infinity,445,0,425.857,0
2021-05-27,Infinity,Infinity,432,0,420.429,0
2021-05-28,Infinity,Infinity,461,0,410.143,0
2021-05-29,Infinity,Infinity,456,0,420.429,0
2021-05-30,Infinity,Infinity,367,0,409,0
2021-05-31,Infinity,Infinity,370,0,412,0
2021-06-01,Infinity,Infinity,337,0,409.714,0
2021-06-02,Infinity,Infinity,407,0,404.286,0
2021-06-03,Infinity,Infinity,465,0,409,0
2021-06-04,Infinity,Infinity,517,0,417,0
2021-06-05,Infinity,Infinity,416,0,411.286,0
2021-06-06,Infinity,Infinity,313,0,403.571,0
2021-06-07,Infinity,Infinity,377,0,404.571,0
2021-06-08,Infinity,Infinity,239,0,390.571,0
2021-06-09,Infinity,Infinity,227,0,364.857,0
2021-06-10,Infinity,Infinity,398,0,355.286,0
2021-06-11,Infinity,Infinity,319,0,327,0
2021-06-12,Infinity,Infinity,431,0,329.143,0
2021-06-13,Infinity,Infinity,315,0,329.429,0
2021-06-14,Infinity,Infinity,202,0,304.429,0
2021-06-15,Infinity,Infinity,283,0,310.714,0
2021-06-16,Infinity,Infinity,287,0,319.286,0
2021-06-17,9.921052631578947,74.5203536562903,373,38,315.714,5.429
2021-06-18,Infinity,71.94160987290478,302,0,313.286,5.429
2021-06-19,Infinity,67.20519432676367,393,0,307.857,5.429
2021-06-20,Infinity,65.44225455885062,393,0,319,5.429
2021-06-21,Infinity,60.23208694050469,284,0,330.714,5.429
2021-06-22,Infinity,60.6268189353472,174,0,315.143,5.429
2021-06-23,31.5,48.04273005687618,298,10,316.714,6.857
2021-06-24,Infinity,213.036389083275,304,0,306.857,1.429
2021-06-25,Infinity,217.43456962911125,380,0,318,1.429
2021-06-26,Infinity,223.4331700489853,443,0,325.143,1.429
2021-06-27,Infinity,220.93351994401678,340,0,317.571,1.429
2021-06-28,Infinity,219.23442967109867,329,0,324,1.429
2021-06-29,Infinity,215.43526941917426,342,0,348,1.429
2021-06-30,43.666666666666664,248.05598755832037,null,9,null,1.286
2021-07-01,142,210.51177593889244,876,2,387.143,1.571
2021-07-02,Infinity,200.60025461489496,512,0,406,1.571
2021-07-03,Infinity,201.60025461489496,448,0,406.714,1.571
2021-07-04,Infinity,195.32590706556337,562,0,438.429,1.571
2021-07-05,Infinity,202.41884150222788,335,0,439.286,1.571
2021-07-06,Infinity,206.96562698917884,397,0,447.143,1.571
2021-07-07,56.666666666666664,277.8398950131234,533,6,523.286,1.143
2021-07-08,Infinity,378.0630105017503,533,0,474.286,0.857
2021-07-09,Infinity,406.0676779463244,631,0,491.286,0.857
2021-07-10,NaN,0,581,0,510.286,0.857
2021-07-11,Infinity,451.7421236872812,576,0,512.286,0.857
2021-07-12,Infinity,473.7456242707118,572,0,546.143,0.857
2021-07-13,Infinity,474.57876312718787,589,0,573.571,0.857
2021-07-14,46.833333333333336,255.7928821470245,737,12,602.714,1.714
2021-07-15,Infinity,256.2928821470245,994,0,668.571,1.714
2021-07-16,Infinity,260.87689614935823,1170,0,745.571,1.714
2021-07-17,Infinity,305.30105017502916,1377,0,859.286,1.714
2021-07-18,Infinity,276.7129521586931,1179,0,945.429,1.714
2021-07-19,Infinity,286.63127187864643,1071,0,1016.714,1.714
2021-07-20,Infinity,297.7164527421237,1110,0,1091.143,1.714
2021-07-21,72,448.19422572178473,1260,8,1165.857,1.143
2021-07-22,Infinity,477.81539807524064,1188,0,1193.571,1.143
2021-07-23,Infinity,501.81189851268596,1386,0,1224.429,1.143
2021-07-24,Infinity,527.3088363954506,1345,0,1219.857,1.143
2021-07-25,Infinity,584.9265091863517,1126,0,1212.286,1.143
2021-07-26,Infinity,652.2930883639546,1276,0,1241.571,1.143
2021-07-27,Infinity,751.7812773403324,1114,0,1242.143,1.143
2021-07-28,131,735.1702954898911,1301,9,1248,1.286
2021-07-29,Infinity,790.601866251944,1361,0,1272.714,1.286
2021-07-30,Infinity,848.4782270606532,1501,0,1289.143,1.286
2021-07-31,Infinity,906.5762052877138,1427,0,1300.857,1.286
2021-08-01,Infinity,928.1267496111974,1098,0,1296.857,1.286
2021-08-02,Infinity,952.1220839813375,1352,0,1307.714,1.286
2021-08-03,Infinity,948.5668740279938,884,0,1274.857,1.286
2021-08-04,125.11111111111111,942.6796267496112,1217,9,1262.857,1.286
2021-08-05,Infinity,965.4517884914462,1492,0,1281.571,1.286
2021-08-06,Infinity,965.8965785381026,1781,0,1321.571,1.286
2021-08-07,Infinity,970.4510108864697,1828,0,1378.857,1.286
2021-08-08,Infinity,989.6687402799378,1837,0,1484.429,1.286
2021-08-09,Infinity,1002.4440124416797,1411,0,1492.857,1.286
2021-08-10,Infinity,1011.5528771384137,1509,0,1582.143,1.286
2021-08-11,73.2,605.1595893607093,1819,15,1668.143,2.143
2021-08-12,Infinity,610.2258516098927,1733,0,1702.571,2.143
2021-08-13,Infinity,594.8936070928605,1978,0,1730.714,2.143
2021-08-14,Infinity,589.2939804013066,2074,0,1765.857,2.143
2021-08-15,Infinity,598.0265982267849,1758,0,1754.571,2.143
2021-08-16,Infinity,616.6920205319645,1441,0,1758.857,2.143
2021-08-17,Infinity,643.4237050863276,1496,0,1757,2.143
2021-08-18,122.46666666666667,692.6873541763883,1704,15,1740.571,2.143
2021-08-19,Infinity,696.6201586560896,1818,0,1752.714,2.143
2021-08-20,Infinity,738.2841810545964,2098,0,1769.857,2.143
2021-08-21,Infinity,778.4148390107327,2125,0,1777.143,2.143
2021-08-22,Infinity,794.4801679888008,1688,0,1767.143,2.143
2021-08-23,Infinity,807.6126924871676,1590,0,1788.429,2.143
2021-08-24,Infinity,824.0116658889408,1571,0,1799.143,2.143
2021-08-25,97.66666666666667,682.4469078179695,2051,18,1848.714,2.571
2021-08-26,Infinity,684.1139634383508,1866,0,1855.571,2.571
2021-08-27,Infinity,683.3916763905095,1875,0,1823.714,2.571
2021-08-28,Infinity,677.001555814858,1997,0,1805.429,2.571
2021-08-29,Infinity,681.7246207701282,1706,0,1808,2.571
2021-08-30,Infinity,688.3924542979385,1292,0,1765.429,2.571
2021-08-31,Infinity,691.2263710618436,1382,0,1738.429,2.571
2021-09-01,84.4,618.5309765488274,1789,20,1701,2.857
2021-09-02,Infinity,625.9814490724536,null,0,null,2.857
2021-09-03,Infinity,629.7315365768288,1407,0,1367.571,2.857
2021-09-04,Infinity,647.0822541127055,1703,0,1325.571,2.857
2021-09-05,Infinity,649.4823241162057,1180,0,1250.429,2.857
2021-09-06,Infinity,638.3318165908295,1136,0,1228.143,2.857
2021-09-07,Infinity,631.9317465873294,1465,0,1240,2.857
2021-09-08,39.674418604651166,294.3187367735634,1537,43,1204,6.143
2021-09-09,Infinity,287.3887351456943,1271,0,1385.571,6.143
2021-09-10,Infinity,282.99348852352273,1619,0,1415.857,6.143
2021-09-11,Infinity,276.9005371968094,1466,0,1382,6.143
2021-09-12,NaN,0,1346,0,1405.714,6.143
2021-09-13,Infinity,222.62265993814097,877,0,1368.714,6.143
2021-09-14,Infinity,215.78560963698519,1176,0,1327.429,6.143
2021-09-15,49.166666666666664,364.66287547389913,null,24,null,3.429
2021-09-16,Infinity,358.16360454943134,3765,0,1464.143,3.429
2021-09-17,Infinity,361.6214639836687,1386,0,1430.857,3.429
2021-09-18,Infinity,351.1227763196267,1456,0,1429.429,3.429
2021-09-19,Infinity,404.07436570428695,1224,0,1412,3.429
2021-09-20,Infinity,412.9066783318752,1150,0,1451,3.429
2021-09-21,Infinity,403.0329542140566,1420,0,1485.857,3.429
2021-09-22,44.86666666666667,327.97806812879145,1429,30,1690,4.286
2021-09-23,Infinity,319.34531031264584,1354,0,1345.571,4.286
2021-09-24,Infinity,309.7127858142791,1163,0,1313.714,4.286
2021-09-25,NaN,0,1335,0,1296.429,4.286
2021-09-26,Infinity,341.6105926271582,1459,0,1330,4.286
2021-09-27,Infinity,333.8443770415306,1044,0,1314.857,4.286
2021-09-28,Infinity,333.51119925338315,1497,0,1325.857,4.286
2021-09-29,30.6,247.11235561778088,1447,40,1328.429,5.714
2021-09-30,Infinity,253.93769688484423,1267,0,1316,5.714
2021-10-01,Infinity,260.03797689884493,1057,0,1300.857,5.714
2021-10-02,Infinity,295.7647882394119,1586,0,1336.714,5.714
2021-10-03,Infinity,235.48669933496672,1051,0,1278.429,5.714
2021-10-04,Infinity,229.91144557227858,893,0,1256.857,5.714
2021-10-05,Infinity,226.88641932096604,1124,0,1203.571,5.714
2021-10-06,47.064516129032256,300.2935199819372,982,31,1137.143,4.429
2021-10-07,Infinity,296.87446376157146,1206,0,1128.429,4.429
2021-10-08,Infinity,299.3580943779634,2002,0,1263.429,4.429
2021-10-09,Infinity,299.93881237299615,1940,0,1314,4.429
2021-10-10,Infinity,297.1325355610747,1384,0,1361.571,4.429
2021-10-11,Infinity,293.71347934070894,1357,0,1427.857,4.429
2021-10-12,Infinity,301.80943779634225,1456,0,1475.286,4.429
2021-10-13,40.42307692307692,344.21890145395804,2051,26,1628,3.714
2021-10-14,Infinity,338.4106085083468,1626,0,1688,3.714
2021-10-15,Infinity,324.0632740980075,1907,0,1674.429,3.714
2021-10-16,Infinity,306.177436725902,2180,0,1708.714,3.714
2021-10-17,Infinity,303.8311793214863,1380,0,1708.143,3.714
2021-10-18,Infinity,340.18012924071087,1576,0,1739.429,3.714
2021-10-19,Infinity,353.7964458804523,2397,0,1873.857,3.714
2021-10-20,21.96825396825397,151.28566666666666,2147,63,1887.571,9
2021-10-21,Infinity,158.65077777777776,2026,0,1944.714,9
2021-10-22,Infinity,163.92066666666668,2465,0,2024.429,9
2021-10-23,Infinity,180.88888888888889,2427,0,2059.714,9
2021-10-24,Infinity,187.55555555555554,1725,0,2109,9
2021-10-25,Infinity,186.0476666666667,1845,0,2147.429,9
2021-10-26,Infinity,189.8571111111111,2180,0,2116.429,9
2021-10-27,20.597014925373134,178.47069271758437,1624,67,2041.714,9.571
2021-10-28,Infinity,181.73952565040227,2598,0,2123.429,9.571
2021-10-29,Infinity,195.78487096437155,2541,0,2134.286,9.571
2021-10-30,Infinity,197.21774109288475,2966,0,2211.286,9.571
2021-10-31,Infinity,203.1881726047435,1963,0,2245.286,9.571
2021-11-01,Infinity,211.51697837216594,2855,0,2389.571,9.571
2021-11-02,Infinity,215.20363598370076,3723,0,2610,9.571
2021-11-03,30.803571428571427,263.625,3174,56,2831.429,8
2021-11-04,Infinity,268.428625,3024,0,2892.286,8
2021-11-05,Infinity,264.553625,3903,0,3086.857,8
2021-11-06,Infinity,255.21425,3685,0,3189.571,8
2021-11-07,Infinity,265.428625,3428,0,3398.857,8
2021-11-08,Infinity,266.78575,3161,0,3442.571,8
2021-11-09,Infinity,276.41075,5331,0,3672.286,8
2021-11-10,26.527027027027028,212.40052975120614,2968,74,3642.857,10.571
2021-11-11,Infinity,226.0496641755747,3677,0,3736.143,10.571
2021-11-12,Infinity,246.9019014284363,5478,0,3961.143,10.571
2021-11-13,Infinity,267.84873711096395,4642,0,4097.857,10.571
2021-11-14,Infinity,273.60571374515183,3805,0,4151.714,10.571
2021-11-15,Infinity,292.01182480370824,4558,0,4351.286,10.571
2021-11-16,Infinity,301.7284079084287,4407,0,4219.286,10.571
2021-11-17,79.72093023255815,553.2894351294157,3632,43,4314.143,6.143
2021-11-18,Infinity,560.4055021976233,4646,0,4452.571,6.143
2021-11-19,Infinity,597.8000976721472,3133,0,4117.571,6.143
2021-11-20,Infinity,593.0094416408921,5959,0,4305.714,6.143
2021-11-21,Infinity,608.1951815074068,4181,0,4359.429,6.143
2021-11-22,Infinity,644.82223669217,5630,0,4512.571,6.143
2021-11-23,Infinity,667.0774865700798,3661,0,4406,6.143
2021-11-24,88.48837209302326,675.8447012860166,3891,43,4443,6.143
2021-11-25,Infinity,708.3324108741657,4763,0,4459.714,6.143
2021-11-26,Infinity,686.8445384991047,4619,0,4672,6.143
2021-11-27,Infinity,702.286016604265,4791,0,4505.143,6.143
2021-11-28,Infinity,724.8202832492268,3735,0,4441.429,6.143
2021-11-29,Infinity,670.2866677519128,4603,0,4294.714,6.143
2021-11-30,Infinity,700.9138857235878,5458,0,4551.429,6.143
2021-12-01,76.01818181818182,554.8465063001146,3790,55,4537,7.857
2021-12-02,Infinity,574.3376606847397,4159,0,4450.714,7.857
2021-12-03,Infinity,560.7738322514955,5408,0,4563.429,7.857
2021-12-04,Infinity,565.4830087819778,5622,0,4682.143,7.857
2021-12-05,Infinity,567.6102838233422,5156,0,4885.143,7.857
2021-12-06,Infinity,594.6289932544228,2911,0,4643.429,7.857
2021-12-07,Infinity,573.3922616774851,5565,0,4658.714,7.857
2021-12-08,46.111111111111114,383.84141387952644,4126,81,4706.714,11.571
2021-12-09,Infinity,371.1618701927232,4003,0,4684.429,11.571
2021-12-10,Infinity,393.34793881254865,4097,0,4497.143,11.571
2021-12-11,Infinity,392.1009420101979,4004,0,4266,11.571
2021-12-12,Infinity,384.6438510068274,4667,0,4196.143,11.571
2021-12-13,Infinity,394.3850142597874,4683,0,4449.286,11.571
2021-12-14,Infinity,404.64462881341285,3871,0,4207.286,11.571
2021-12-15,109.70212765957447,727.6054512957998,4230,47,4222.143,6.714
2021-12-16,Infinity,691.6039618707179,4141,0,4241.857,6.714
2021-12-17,Infinity,693.88054810843,3595,0,4170.143,6.714
2021-12-18,Infinity,701.0297885016383,7333,0,4645.714,6.714
2021-12-19,Infinity,697.7106047065832,5124,0,4711,6.714
2021-12-20,Infinity,669.8157581173666,4788,0,4726,6.714
2021-12-21,Infinity,635.3887399463806,5269,0,4925.714,6.714
2021-12-22,84.85454545454546,534.064273895889,6307,55,5222.429,7.857
2021-12-23,Infinity,566.2830596919944,7411,0,5689.571,7.857
2021-12-24,Infinity,535.4824996818124,11182,0,6773.429,7.857
2021-12-25,Infinity,537.3734249713631,13765,0,7692.286,7.857
2021-12-26,Infinity,539.8825251368206,10404,0,8446.571,7.857
2021-12-27,Infinity,530.755122820415,6735,0,8724.714,7.857
2021-12-28,Infinity,591.2834415171185,9006,0,9258.571,7.857
2021-12-29,232.9090909090909,1498.8864142538976,16428,22,10704.429,3.143
2021-12-30,Infinity,1503.6589245943367,20554,0,12582,3.143
2021-12-31,Infinity,1567.2013999363667,20110,0,13857.429,3.143
2022-01-01,Infinity,1661.606426980592,23281,0,15216.857,3.143
2022-01-02,Infinity,1810.2357620108178,0,0,13730.571,3.143
2022-01-03,Infinity,2155.083996181992,34057,0,17633.714,3.143
2022-01-04,Infinity,2447.43429844098,21302,0,19390.286,3.143
2022-01-05,260.1,1478.2238361918094,17656,40,19565.714,5.714
2022-01-06,Infinity,1526.9012950647532,23817,0,20031.857,5.714
2022-01-07,Infinity,1620.3309415470771,21926,0,20291.286,5.714
2022-01-08,Infinity,1873.3687434371718,26122,0,20697.143,5.714
2022-01-09,Infinity,2201.9600980049,21384,0,23752,5.714
2022-01-10,Infinity,2425.171333566678,0,0,18886.714,5.714
2022-01-11,Infinity,2663.0831291564577,43199,0,22014.857,5.714
2022-01-12,0,1158.0139158303114,20909,83,22479.571,11.857
2022-01-13,Infinity,1487.1986168508056,18904,0,21777.714,11.857
2022-01-14,Infinity,1635.3450282533524,17065,0,21083.286,11.857
2022-01-15,Infinity,1650.1403390402295,14555,0,19430.857,11.857
2022-01-16,Infinity,1689.4540777599732,10753,0,17912.143,11.857
2022-01-17,Infinity,1711.3338955891036,6329,0,18816.286,11.857
2022-01-18,Infinity,1745.5632116049592,5767,0,13468.857,11.857
2022-01-19,411.2307692307692,3197.2001615291424,6843,52,11459.429,7.429
2022-01-20,NaN,2542.2955983308652,5523,0,9547.857,7.429
2022-01-21,Infinity,2963.3674787993,6597,0,8052.429,7.429
2022-01-22,Infinity,3025.921523758245,6689,0,6928.714,7.429
2022-01-23,Infinity,2931.4462242562927,4731,0,6068.429,7.429
2022-01-24,Infinity,2837.970924754341,3692,0,5691.714,7.429
2022-01-25,Infinity,2615.541391842778,4006,0,5440.143,7.429
2022-01-26,219.44897959183675,2558.8775714285716,5605,49,5263.286,7
2022-01-27,Infinity,2688.040857142857,5265,0,5226.429,7
2022-01-28,Infinity,1924.1224285714286,5109,0,5013.857,7
2022-01-29,Infinity,1637.0612857142858,0,0,4058.286,7
2022-01-30,Infinity,1363.9795714285715,0,0,3382.429,7
2022-01-31,Infinity,1150.347,13363,0,4764,7
2022-02-01,Infinity,989.8162857142858,4208,0,4792.857,7
2022-02-02,51.42391304347826,461.7232747470136,5940,92,4840.714,13.143
2022-02-03,Infinity,433.06048847295136,6061,0,4954.429,13.143
2022-02-04,Infinity,413.91942478886097,6697,0,5181.286,13.143
2022-02-05,Infinity,400.46306018412844,0,0,5181.286,13.143
2022-02-06,Infinity,397.6587537091988,0,0,5181.286,13.143
2022-02-07,Infinity,381.484972989424,15168,0,5439.143,13.143
2022-02-08,NaN,308.7792741383246,3780,0,5378,13.143
2022-02-09,0,375.82544444444443,5677,63,5340.429,9
2022-02-10,Infinity,529.3333333333334,5649,0,5281.571,9
2022-02-11,Infinity,532.5396666666667,6618,0,5270.286,9
2022-02-12,Infinity,537.8571111111111,0,0,5270.286,9
2022-02-13,Infinity,550.4921111111112,0,0,5270.286,9
2022-02-14,Infinity,575.6984444444445,12765,0,4927,9
2022-02-15,0,223.8813464114419,null,99,null,23.143
2022-02-16,0,335.8147644046925,5264,9,4328,15.429
2022-02-17,5056,343.01210821719116,5026,3,4239,15.857
2022-02-18,252,298.77777777777777,4795,15,3978.571,18
2022-02-19,Infinity,296.6905,0,0,3978.571,18
2022-02-20,Infinity,293.4206111111111,0,0,3978.571,18
2022-02-21,254.53846153846155,242.71373307543521,11654,26,3819.857,21.714
2022-02-22,0,595.0418877723835,3280,9,4288.429,8.857
2022-02-23,0,604.8067477622217,4121,8,4125.143,8.714
2022-02-24,1160.4545454545455,499.8478238815056,3729,11,3939.857,9.857
2022-02-25,0,0,4304,4,3869.714,8.286
2022-02-26,Infinity,522.3268163166788,0,0,3869.714,8.286
2022-02-27,Infinity,511.58580738595225,0,0,3869.714,8.286
2022-02-28,217.95454545454547,515.7597873995333,8210,22,3377.714,7.714
2022-03-01,0,497.321375,3298,11,3380.286,8
2022-03-02,0,456.57229745237544,3342,13,3269,8.714
2022-03-03,1942.3333333333333,477.482125,4043,6,3313.857,8
2022-03-04,820,536.053625,3995,4,3269.714,8
2022-03-05,Infinity,515.642875,0,0,3269.714,8
2022-03-06,Infinity,492.482125,0,0,3269.714,8
2022-03-07,110.35897435897436,371.05321699108254,7491,39,3167,10.429
2022-03-08,0,429.9682222222222,4355,1,3318,9
2022-03-09,0,475.2196979000368,1698,7,3083.143,8.143
2022-03-10,684.1666666666666,375.3015555555555,4057,12,3085.143,9
2022-03-11,157.04761904761904,295.76393385248053,9125,21,3818,11.429
2022-03-12,Infinity,286.02677399597513,0,0,3818,11.429
2022-03-13,Infinity,289.9516143144632,0,0,3818,11.429
2022-03-14,307.3076923076923,423.8675136116152,11907,13,4448.857,7.714
2022-03-15,0,352.1122119319406,6282,12,4724.143,9.286
2022-03-16,0,381.4857076187143,5452,2,5260.429,8.571
2022-03-17,Infinity,461.86378882893393,0,0,4680.857,6.857
2022-03-18,Infinity,860.2540834845735,0,0,3377.286,3.857
2022-03-19,Infinity,799.3629764065336,0,0,3377.286,3.857
2022-03-20,Infinity,799.8815141301529,0,0,3377.286,3.857
2022-03-21,350.96153846153845,668.1834091704585,24710,26,5206.286,5.714
2022-03-22,0,607.3814826598791,7708,16,5410,6.286
2022-03-23,0,568.6624962764373,7044,5,5637.429,6.714
2022-03-24,1488.375,566.228458699249,8869,8,6904.429,7.857
2022-03-25,369.52941176470586,459.2789228076998,9147,17,8211.143,10.286
2022-03-26,Infinity,511.4163912113553,0,0,8211.143,10.286
2022-03-27,NaN,455.07067859226134,0,0,8211.143,10.286
2022-03-28,0,414.7471447869335,19932,11,7528.571,8.143
2022-03-29,0,472.81058378832427,5935,9,7275.286,7.143
2022-03-30,0,429.84421534936996,5370,10,7036.143,7.857
2022-03-31,1900.7692307692307,607.4304048535761,5243,13,6518.143,8.571
2022-04-01,233.57575757575756,498.29603021092385,5725,33,6029.286,10.857
2022-04-02,Infinity,519.2437137330754,0,0,6029.286,10.857
2022-04-03,Infinity,635.942617666022,0,0,6029.286,10.857
2022-04-04,703.6153846153846,736.888001435879,9224,13,4499.571,11.143
2022-04-05,0,766.3937838342356,2738,6,4042.857,10.714
2022-04-06,0,684.2619166666667,4059,19,3855.571,12
2022-04-07,1049.0526315789473,585.562028466983,3150,19,3556.571,12.857
2022-04-08,296.75,661.3896363636363,2843,20,3144.857,11
2022-04-09,Infinity,639.6493636363637,0,0,3144.857,11
2022-04-10,Infinity,592.5584545454545,0,0,3144.857,11
2022-04-11,272.6190476190476,496.52359384007246,5902,21,2670.286,12.143
2022-04-12,0,430.66328571428573,1748,19,2528.857,14
2022-04-13,0,444.2772087539607,2096,16,2248.429,13.571
2022-04-14,709.5384615384615,353.9067956583294,1924,13,2073.286,12.714
2022-04-15,Infinity,410.1508572588009,0,0,1667.143,9.857
2022-04-16,Infinity,391.15055290656386,0,0,1667.143,9.857
2022-04-17,Infinity,360.8167799533327,0,0,1667.143,9.857
2022-04-18,Infinity,458.63453405279273,0,0,824,6.857
2022-04-19,0,360.8970621987606,6734,32,1536.286,8.714
2022-04-20,0,355.0702269391442,1395,17,1436.143,8.857
2022-04-21,491.8333333333333,306.43630938719303,1410,12,1362.714,8.714
2022-04-22,582.6666666666666,276.58941266542706,1163,3,1528.857,9.143
2022-04-23,Infinity,245.91807940500928,0,0,1528.857,9.143
2022-04-24,Infinity,226.76211309198294,0,0,1528.857,9.143
2022-04-25,0,138.92858333333334,3276,20,1996.857,12
2022-04-26,0,182.3409165481789,1223,12,1209.571,9.143
2022-04-27,0,159.85645795378272,970,26,1148.857,10.429
2022-04-28,0,69.49481319052038,1148,22,1111.429,11.857
2022-04-29,612.1818181818181,118.17584615384615,959,11,1082.286,13
2022-04-30,Infinity,110.47253846153846,0,0,1082.286,13
2022-05-01,Infinity,104.82415384615385,0,0,1082.286,13
2022-05-02,Infinity,150.73025732031942,0,0,614.286,10.143
2022-05-03,0,167.2161216230996,2184,5,751.571,9.143
2022-05-04,0,218.40814285714285,1031,11,760.286,7
2022-05-05,655.2,436.8534237584774,1147,5,760.143,4.571
2022-05-06,53.17391304347826,192.42300349984092,889,23,750.143,6.286
2022-05-07,Infinity,182.76439707286033,0,0,750.143,6.286
2022-05-08,Infinity,176.81021317212856,0,0,750.143,6.286
2022-05-09,29.96875,99.68554849405915,2192,32,1063.286,10.857
2022-05-10,0,101.01605376143364,2773,4,1147.429,10.714
2022-05-11,0,113.07971998746214,2299,3,1328.571,9.571
2022-05-12,0,63.23718344657195,3144,6,1613.857,9.714
2022-05-13,80.88888888888889,73.06737312852421,2680,27,1869.714,10.286
2022-05-14,Infinity,73.914641259965,0,0,1869.714,10.286
2022-05-15,Infinity,73.90073886836477,0,0,1869.714,10.286
2022-05-16,Infinity,131.28158907945397,0,0,1556.571,5.714
2022-05-17,NaN,145.85708730313047,0,0,1160.429,5.143
2022-05-18,0,70.96234982499291,16384,41,3172.571,10.571
2022-05-19,Infinity,109.4591311509162,0,0,2723.429,9.714
2022-05-20,Infinity,195.90729042171762,0,0,2340.571,5.857
2022-05-21,Infinity,226.83472767628476,0,0,2340.571,5.857
2022-05-22,Infinity,275.5432815434523,0,0,2340.571,5.857
2022-05-23,Infinity,319.2272494451084,0,0,2340.571,5.857
2022-05-24,NaN,319.2272494451084,0,0,2340.571,5.857
2022-05-25,0,218.14420721036052,9797,60,1399.571,8.571
2022-05-26,NaN,181.60903045152259,0,0,1399.571,8.571
2022-05-27,NaN,135.3901528409754,0,0,1399.571,8.571
2022-05-28,Infinity,370.15179092287946,0,0,1399.571,8.571
2022-05-29,NaN,317.7492707968732,0,0,1399.571,8.571
2022-05-30,NaN,273.08027068020067,0,0,1399.571,8.571
2022-05-31,NaN,273.08027068020067,0,0,1399.571,8.571
2022-06-01,0,212.7791818181818,4338,77,619.714,11
2022-06-02,NaN,212.7791818181818,0,0,619.714,11
2022-06-03,NaN,212.7791818181818,0,0,619.714,11
2022-06-04,Infinity,127.23372727272726,0,0,619.714,11
2022-06-05,NaN,127.23372727272726,0,0,619.714,11
2022-06-06,NaN,127.23372727272726,0,0,619.714,11
2022-06-07,NaN,127.23372727272726,0,0,619.714,11
2022-06-08,0,279.9142,4549,35,649.857,5
2022-06-09,NaN,279.9142,0,0,649.857,5
2022-06-10,NaN,279.9142,0,0,649.857,5
2022-06-11,Infinity,123.9428,0,0,649.857,5
2022-06-12,NaN,123.9428,0,0,649.857,5
2022-06-13,NaN,123.9428,0,0,649.857,5
2022-06-14,NaN,123.9428,0,0,649.857,5
2022-06-15,0,166.85891222401725,7765,26,1109.286,3.714
2022-06-16,NaN,166.85891222401725,0,0,1109.286,3.714
2022-06-17,NaN,166.85891222401725,0,0,1109.286,3.714
2022-06-18,Infinity,174.97495961227787,0,0,1109.286,3.714
2022-06-19,NaN,174.97495961227787,0,0,1109.286,3.714
2022-06-20,NaN,174.97495961227787,0,0,1109.286,3.714
2022-06-21,NaN,174.97495961227787,0,0,1109.286,3.714
2022-06-22,0,168.48768472906403,9101,27,1300.143,3.857
2022-06-23,NaN,168.48768472906403,0,0,1300.143,3.857
2022-06-24,NaN,168.48768472906403,0,0,1300.143,3.857
2022-06-25,Infinity,287.60331864143114,0,0,1300.143,3.857
2022-06-26,NaN,287.60331864143114,0,0,1300.143,3.857
2022-06-27,NaN,287.60331864143114,0,0,1300.143,3.857
2022-06-28,NaN,287.60331864143114,0,0,1300.143,3.857
2022-06-29,0,258.816145590294,13229,30,1889.857,4.286
2022-06-30,NaN,258.816145590294,0,0,1889.857,4.286
2022-07-01,NaN,258.816145590294,0,0,1889.857,4.286
2022-07-02,Infinity,303.3464769015399,0,0,1889.857,4.286
2022-07-03,NaN,303.3464769015399,0,0,1889.857,4.286
2022-07-04,NaN,303.3464769015399,0,0,1889.857,4.286
2022-07-05,NaN,303.3464769015399,0,0,1889.857,4.286
2022-07-06,0,245.95970488081727,14017,37,2002.429,5.286
2022-07-07,NaN,245.95970488081727,0,0,2002.429,5.286
2022-07-08,NaN,245.95970488081727,0,0,2002.429,5.286
2022-07-09,Infinity,357.52118804388954,0,0,2002.429,5.286
2022-07-10,NaN,357.52118804388954,0,0,2002.429,5.286
2022-07-11,NaN,357.52118804388954,0,0,2002.429,5.286
2022-07-12,NaN,357.52118804388954,0,0,2002.429,5.286
2022-07-13,0,377.9714,14114,35,2016.286,5
2022-07-14,NaN,377.9714,0,0,2016.286,5
2022-07-15,NaN,377.9714,0,0,2016.286,5
2022-07-16,Infinity,400.48580000000004,0,0,2016.286,5
2022-07-17,NaN,400.48580000000004,0,0,2016.286,5
2022-07-18,NaN,400.48580000000004,0,0,2016.286,5
2022-07-19,NaN,400.48580000000004,0,0,2016.286,5
2022-07-20,0,286.0612857142857,10714,49,1530.571,7
2022-07-21,NaN,286.0612857142857,0,0,1530.571,7
2022-07-22,NaN,286.0612857142857,0,0,1530.571,7
2022-07-23,Infinity,288.04085714285713,0,0,1530.571,7
2022-07-24,NaN,288.04085714285713,0,0,1530.571,7
2022-07-25,NaN,288.04085714285713,0,0,1530.571,7
2022-07-26,NaN,288.04085714285713,0,0,1530.571,7
2022-07-27,0,256.6228840524373,4707,55,672.429,7.857
2022-07-28,NaN,256.6228840524373,0,0,672.429,7.857
2022-07-29,NaN,256.6228840524373,0,0,672.429,7.857
2022-07-30,Infinity,194.80348733613337,0,0,672.429,7.857
2022-07-31,NaN,194.80348733613337,0,0,672.429,7.857
2022-08-01,NaN,194.80348733613337,0,0,672.429,7.857
2022-08-02,NaN,194.80348733613337,0,0,672.429,7.857
2022-08-03,0,428.61131335760285,3439,25,491.286,3.571
2022-08-04,NaN,428.61131335760285,0,0,491.286,3.571
2022-08-05,NaN,428.61131335760285,0,0,491.286,3.571
2022-08-06,Infinity,188.3027163259591,0,0,491.286,3.571
2022-08-07,NaN,188.3027163259591,0,0,491.286,3.571
2022-08-08,NaN,188.3027163259591,0,0,491.286,3.571
2022-08-09,NaN,188.3027163259591,0,0,491.286,3.571
2022-08-10,0,109.46264040371155,3186,43,455.143,6.143
2022-08-11,NaN,109.46264040371155,0,0,455.143,6.143
2022-08-12,NaN,109.46264040371155,0,0,455.143,6.143
2022-08-13,Infinity,79.97493081556243,0,0,455.143,6.143
2022-08-14,NaN,79.97493081556243,0,0,455.143,6.143
2022-08-15,NaN,79.97493081556243,0,0,455.143,6.143
2022-08-16,NaN,79.97493081556243,0,0,455.143,6.143
2022-08-17,0,88.18632202477114,2785,39,397.857,5.571
2022-08-18,NaN,88.18632202477114,0,0,397.857,5.571
2022-08-19,NaN,88.18632202477114,0,0,397.857,5.571
2022-08-20,Infinity,81.69861784239814,0,0,397.857,5.571
2022-08-21,NaN,81.69861784239814,0,0,397.857,5.571
2022-08-22,NaN,81.69861784239814,0,0,397.857,5.571
2022-08-23,NaN,81.69861784239814,0,0,397.857,5.571
2022-08-24,0,83.8355129858169,1762,38,251.714,5.429
2022-08-25,NaN,83.8355129858169,0,0,251.714,5.429
2022-08-26,NaN,83.8355129858169,0,0,251.714,5.429
2022-08-27,Infinity,73.28366181617241,0,0,251.714,5.429
2022-08-28,NaN,73.28366181617241,0,0,251.714,5.429
2022-08-29,NaN,73.28366181617241,0,0,251.714,5.429
2022-08-30,NaN,73.28366181617241,0,0,251.714,5.429
2022-08-31,0,146.5943257184967,1618,19,231.143,2.714
2022-09-01,NaN,146.5943257184967,0,0,231.143,2.714
2022-09-02,NaN,146.5943257184967,0,0,231.143,2.714
2022-09-03,Infinity,92.74649963154016,0,0,231.143,2.714
2022-09-04,NaN,92.74649963154016,0,0,231.143,2.714
2022-09-05,NaN,92.74649963154016,0,0,231.143,2.714
2022-09-06,NaN,92.74649963154016,0,0,231.143,2.714
2022-09-07,0,56.83314517949876,2078,31,296.857,4.429
2022-09-08,NaN,56.83314517949876,0,0,296.857,4.429
2022-09-09,NaN,56.83314517949876,0,0,296.857,4.429
2022-09-10,Infinity,52.188530142244296,0,0,296.857,4.429
2022-09-11,NaN,52.188530142244296,0,0,296.857,4.429
2022-09-12,NaN,52.188530142244296,0,0,296.857,4.429
2022-09-13,NaN,52.188530142244296,0,0,296.857,4.429
2022-09-14,0,52.188530142244296,1601,31,228.714,4.429
2022-09-15,NaN,52.188530142244296,0,0,228.714,4.429
2022-09-16,NaN,52.188530142244296,0,0,228.714,4.429
2022-09-17,Infinity,67.02573944456988,0,0,228.714,4.429
2022-09-18,NaN,67.02573944456988,0,0,228.714,4.429
2022-09-19,NaN,67.02573944456988,0,0,228.714,4.429
2022-09-20,NaN,67.02573944456988,0,0,228.714,4.429
2022-09-21,0,98.95233333333334,1373,21,196.143,3
2022-09-22,NaN,98.95233333333334,0,0,196.143,3
2022-09-23,NaN,98.95233333333334,0,0,196.143,3
2022-09-24,Infinity,76.238,0,0,196.143,3
2022-09-25,NaN,76.238,0,0,196.143,3
2022-09-26,NaN,76.238,0,0,196.143,3
2022-09-27,NaN,76.238,0,0,196.143,3
2022-09-28,0,80.05390269513475,1645,20,235,2.857
2022-09-29,NaN,80.05390269513475,0,0,235,2.857
2022-09-30,NaN,80.05390269513475,0,0,235,2.857
2022-10-01,Infinity,68.6534826741337,0,0,235,2.857
2022-10-02,NaN,68.6534826741337,0,0,235,2.857
2022-10-03,NaN,68.6534826741337,0,0,235,2.857
2022-10-04,NaN,68.6534826741337,0,0,235,2.857
2022-10-05,0,80.75051461506794,2395,17,342.143,2.429
2022-10-06,NaN,80.75051461506794,0,0,342.143,2.429
2022-10-07,NaN,80.75051461506794,0,0,342.143,2.429
2022-10-08,Infinity,96.74763277068753,0,0,342.143,2.429
2022-10-09,NaN,96.74763277068753,0,0,342.143,2.429
2022-10-10,NaN,96.74763277068753,0,0,342.143,2.429
2022-10-11,NaN,96.74763277068753,0,0,342.143,2.429
2022-10-12,0,56.722181993724355,2253,29,321.857,4.143
2022-10-13,NaN,56.722181993724355,0,0,321.857,4.143
2022-10-14,NaN,56.722181993724355,0,0,321.857,4.143
2022-10-15,Infinity,82.58339367608014,0,0,321.857,4.143
2022-10-16,NaN,82.58339367608014,0,0,321.857,4.143
2022-10-17,NaN,82.58339367608014,0,0,321.857,4.143
2022-10-18,NaN,82.58339367608014,0,0,321.857,4.143
2022-10-19,0,108.858733693923,2076,22,296.571,3.143
2022-10-20,NaN,108.858733693923,0,0,296.571,3.143
2022-10-21,NaN,108.858733693923,0,0,296.571,3.143
2022-10-22,Infinity,102.40439070951322,0,0,296.571,3.143
2022-10-23,NaN,102.40439070951322,0,0,296.571,3.143
2022-10-24,NaN,102.40439070951322,0,0,296.571,3.143
2022-10-25,NaN,102.40439070951322,0,0,296.571,3.143
2022-10-26,0,68.27683495969453,1942,33,277.429,4.714
2022-10-27,NaN,68.27683495969453,0,0,277.429,4.714
2022-10-28,NaN,68.27683495969453,0,0,277.429,4.714
2022-10-29,Infinity,62.91281289775138,0,0,277.429,4.714
2022-10-30,NaN,62.91281289775138,0,0,277.429,4.714
2022-10-31,NaN,62.91281289775138,0,0,277.429,4.714
2022-11-01,NaN,62.91281289775138,0,0,277.429,4.714
2022-11-02,0,90.25289105295192,1346,23,192.286,3.286
2022-11-03,NaN,90.25289105295192,0,0,192.286,3.286
2022-11-04,NaN,90.25289105295192,0,0,192.286,3.286
2022-11-05,Infinity,84.42757151552038,0,0,192.286,3.286
2022-11-06,NaN,84.42757151552038,0,0,192.286,3.286
2022-11-07,NaN,84.42757151552038,0,0,192.286,3.286
2022-11-08,NaN,84.42757151552038,0,0,192.286,3.286
2022-11-09,0,57.1194152769199,2058,34,294,4.857
2022-11-10,NaN,57.1194152769199,0,0,294,4.857
2022-11-11,NaN,57.1194152769199,0,0,294,4.857
2022-11-12,Infinity,39.58945851348569,0,0,294,4.857
2022-11-13,NaN,39.58945851348569,0,0,294,4.857
2022-11-14,NaN,39.58945851348569,0,0,294,4.857
2022-11-15,NaN,39.58945851348569,0,0,294,4.857
2022-11-16,0,32.83011780775141,1663,41,237.571,5.857
2022-11-17,NaN,32.83011780775141,0,0,237.571,5.857
2022-11-18,NaN,32.83011780775141,0,0,237.571,5.857
2022-11-19,Infinity,50.19634625234762,0,0,237.571,5.857
2022-11-20,NaN,50.19634625234762,0,0,237.571,5.857
2022-11-21,NaN,50.19634625234762,0,0,237.571,5.857
2022-11-22,NaN,50.19634625234762,0,0,237.571,5.857
2022-11-23,0,70.96307023895729,1441,29,205.857,4.143
2022-11-24,NaN,Infinity,null,null,null,null
2022-11-25,NaN,Infinity,null,null,null,null
